{"/LXNxHyefuUajKQCIrN2Iw==":"mbr-1920x1440.png","krQhURdpyHRwvSiCTAYepw==":"mbr-1256x838.jpg","bPea1FME58YDxZkUmaJRcw==":"mbr-596x397.jpg","wyZaTgR8X9VGejiCPXwvXw==":"mbr-1-596x397.jpg","Vc1xUkFyLcAR9N+01/9SPw==":"mbr-596x398.jpg","uFw90vyzVZ5gYQmyUIRbrQ==":"mbr-2-596x397.jpg","BbnwYTQ/mwRikIuzWrx5wQ==":"mbr-3-596x397.jpg","yj65sRuI116jFLEwblFzpQ==":"mbr-4-596x397.jpg","5oPK1SFHulevFYkrYKzJZA==":"mbr-596x447.jpg","avvqA70996b1K9wVBqlPyw==":"mbr-596x401.jpg","KonTLiEUyrslutBRFAYAsQ==":"mbr-596x401.jpeg","pOu5RVJOYUVtoRmCFCuY7Q==":"mbr-1920x1280.jpg","yhM3E1ZFr8dF18pJX8fqCw==":"mbr-1256x837.jpg","w83uDO7df7KKhPdDldUGYg==":"mbr-1-1920x1280.jpg","7+IaZveUPgj7KRGNlBTXbw==":"mbr-816x544.jpg","tCpP3Zby51T46L6MmgZSgA==":"mbr-1-816x544.jpg","lwgOQaWOCTYj+S01nb8m8g==":"mbr-816x524.jpg","8cRf2rMsVHRj++7zzvhg6w==":"mbr-198x198.jpg","hvxIYJbHmr3+Fqg1rCxUZQ==":"mbr-1256x829.jpg","kAV/B8Xzek7b9G5XIkw+8A==":"01%E9%A6%96%E9%A0%81%20(1)-96x28.png","ppt4MHVDWdszFRXpLFqcPQ==":"%E8%9E%A2%E5%B9%95%E5%BF%AB%E7%85%A7%202024-06-10%20%E6%96%BC%2023.32.41%20%E4%B8%8B%E5%8D%88-329x83.png","a2/4cU8mPDPmYL33v9PG8Q==":"01%E9%A6%96%E9%A0%81%20(5)-1001x444.png","D5168Ao0lp98LQutfWVdsQ==":"01%E9%A6%96%E9%A0%81%20(5)-1001x444.png","IsFrr6E0fUKvv/6eCYgxAw==":"01%E9%A6%96%E9%A0%81%20(5)-1001x444.png","or4kULDcgq7n6IDk9a4/UA==":"01%E9%A6%96%E9%A0%81%20(5)-1001x444.png","klG9fljm6lbQydmoIo1Skg==":"01%E9%A6%96%E9%A0%81%20(5)-1001x444.png","KC8T1khm7M8I3EQuSm8BCw==":"01%E9%A6%96%E9%A0%81%20(7)-261x381.png","hWUY3KvmspLleT6OX/Vmcw==":"01%E9%A6%96%E9%A0%81%20(8)-261x381.png","XiFaNDneOaDaWoH1Jb6i4w==":"01%E9%A6%96%E9%A0%81%20(9)-261x381.png","7rsfq0Wk7x3P/iVBcPsILQ==":"01%E9%A6%96%E9%A0%81%20(10)-261x381.png","ltZAO6GqgOafVxvD098XJQ==":"01%E9%A6%96%E9%A0%81%20(12)-351x101.png","cjloSxjW5+H6FU0aJtI1tg==":"01%E9%A6%96%E9%A0%81%20(13)-351x101.png","iFYwFWWkbxDkzUL3n3wCTw==":"01%E9%A6%96%E9%A0%81%20(14)-351x101.png","hfgn2BsfZ4Gw6c47wFyvxg==":"01%E9%A6%96%E9%A0%81%20(15)-351x101.png","qryuZ+bSXZV385WVixC9zg==":"01%E9%A6%96%E9%A0%81%20(16)-351x101.png","AE8L7ORbLUWT6wtzLQLPCQ==":"01%E9%A6%96%E9%A0%81%20(17)-351x101.png","D7ZNZu046KKi3oWLZ9QXZQ==":"%E8%9E%A2%E5%B9%95%E5%BF%AB%E7%85%A7%202024-06-11%20%E6%96%BC%2000.01.29%20%E4%B8%8A%E5%8D%88-2148x628.png","TX0CenHyov0skjLGq94mPg==":"01%E9%A6%96%E9%A0%81%20(24)-420x100.png","CDQz2+l+xToUGmkiyC+SEw==":"01%E9%A6%96%E9%A0%81%20(25)-420x100.png","voWBkTHZRCKjczJs+WLvQw==":"01%E9%A6%96%E9%A0%81%20(26)-397x95.png","CVis7Vt2Fa5bICvfpIQeBQ==":"background13.jpeg","dEYxWmuRaNFHGrUaWVcdog==":"background13-1.jpeg","aKLHHD6dy6QomoJ+5hFsSQ==":"%E6%9C%AA%E5%91%BD%E5%90%8D-1-1920x1440.png","pETGXFPhEdTFUxf3wVBKnA==":"01%E9%A6%96%E9%A0%81%20(5)-1001x444.png","GInmT5h9cj333pLrkTqQvA==":"%E6%9C%AA%E5%91%BD%E5%90%8D-1-1920x1440.png","UQluT6XXcCNt3FW6SKgegA==":"%E6%9C%AA%E5%91%BD%E5%90%8D-2-1920x852.png","LV3etwPo6i09aIJ2Ssy/KQ==":"02%E9%97%9C%E6%96%BC%E6%88%91%E5%80%91%20(3)-1001x464.png","G2YQQa65Dn1NJ+wCBBPygA==":"03%E6%A1%88%E4%BE%8B%E5%88%86%E4%BA%AB%20(3)-800x534.png","irUzkG2Pt3JUCznPLfw/Jw==":"03%E6%A1%88%E4%BE%8B%E5%88%86%E4%BA%AB%20(-%E5%88%86%E5%89%B2%E7%B7%9A)-800x100.png","3VijstWwBWn3xUvloXnlfQ==":"03%E6%A1%88%E4%BE%8B%E5%88%86%E4%BA%AB%20(5)-800x535.png","V9jw8oPEHKfTR3Mu8L0w3w==":"03%E6%A1%88%E4%BE%8B%E5%88%86%E4%BA%AB%20(7)-800x534.png","SG1kb36AjQt2jbMUgwloRA==":"03%E6%A1%88%E4%BE%8B%E5%88%86%E4%BA%AB%20(9)-800x535.png","NHOhjJaC3mDT7L/3ORpBUQ==":"05%E6%9C%8D%E5%8B%99%E9%A0%85%E7%9B%AE-1001x562.png","aKsUnLX5AjUheFqb1EyEIg==":"%E5%8F%B0%E4%BF%A1%E5%95%86%E6%A5%AD%E9%87%91%E8%9E%8D%E7%AE%A1%E7%90%86%E6%96%B0%E7%B6%B2%E9%A0%81%E5%88%87%E5%9C%96%E7%94%A8_01%20%E8%A4%87%E6%9C%AC-337x100.png","3GG3oFGZsmaHPTT2oaCnPQ==":"%E5%8F%B0%E4%BF%A1%E5%95%86%E6%A5%AD%E9%87%91%E8%9E%8D%E7%AE%A1%E7%90%86%E6%96%B0%E7%B6%B2%E9%A0%81%E5%88%87%E5%9C%96%E7%94%A8-77-1920x1440.jpg","Vi7uduXgvGxiKVk908ApNw==":"%E5%8F%B0%E4%BF%A1%E5%95%86%E6%A5%AD%E9%87%91%E8%9E%8D%E7%AE%A1%E7%90%86%E6%96%B0%E7%B6%B2%E9%A0%81%E5%88%87%E5%9C%96%E7%94%A8-77-1920x1440.jpg","7vJFCWDR27f/Z6iSyLJnbQ==":"06%E5%80%8B%E4%BA%BA%E4%BF%A1%E8%B2%B8%20(5)-800x443.png","4OjOVBsOPjhgK7id8BuJRw==":"07%E4%BC%81%E6%A5%AD%E8%B2%B8%E6%AC%BE%20(6)-800x411.png","XC6jyJ+lZ2icAqsT8xUBjg==":"07%E4%BC%81%E6%A5%AD%E8%B2%B8%E6%AC%BE%20(11)-800x448.png","xyNJCUPX4QiqU9Wg/EQO4w==":"09%E5%B0%8F%E9%A1%8D%E4%BF%A1%E8%B2%B8%20(5)-800x165.png"}